{"dandelion_20190418070018_1.jpg97662": {"filename": "dandelion_20190418070018_1.jpg", "size": 97662, "regions": [{"shape_attributes": {"name": "rect", "x": 592, "y": 95, "width": 17, "height": 16}, "region_attributes": {}}, {"shape_attributes": {"name": "rect", "x": 176, "y": 568, "width": 31, "height": 35}, "region_attributes": {}}], "file_attributes": {}}, "dandelion_20190418070018_2.jpg102202": {"filename": "dandelion_20190418070018_2.jpg", "size": 102202, "regions": [{"shape_attributes": {"name": "rect", "x": 272, "y": 97, "width": 16, "height": 16}, "region_attributes": {}}], "file_attributes": {}}, "dandelion_20190418070018_3.jpg100591": {"filename": "dandelion_20190418070018_3.jpg", "size": 100591, "regions": [], "file_attributes": {}}, "dandelion_20190418070018_4.jpg102053": {"filename": "dandelion_20190418070018_4.jpg", "size": 102053, "regions": [{"shape_attributes": {"name": "rect", "x": 544, "y": 361, "width": 17, "height": 19}, "region_attributes": {}}, {"shape_attributes": {"name": "rect", "x": 510, "y": 192, "width": 19, "height": 18}, "region_attributes": {}}], "file_attributes": {}}, "dandelion_20190418070018_5.jpg81908": {"filename": "dandelion_20190418070018_5.jpg", "size": 81908, "regions": [{"shape_attributes": {"name": "rect", "x": 410, "y": 96, "width": 36, "height": 35}, "region_attributes": {}}, {"shape_attributes": {"name": "rect", "x": 551, "y": 316, "width": 26, "height": 23}, "region_attributes": {}}, {"shape_attributes": {"name": "rect", "x": 509, "y": 138, "width": 26, "height": 22}, "region_attributes": {}}], "file_attributes": {}}, "dandelion_20190418070018_6.jpg82791": {"filename": "dandelion_20190418070018_6.jpg", "size": 82791, "regions": [{"shape_attributes": {"name": "rect", "x": 64, "y": 372, "width": 31, "height": 26}, "region_attributes": {}}, {"shape_attributes": {"name": "rect", "x": 382, "y": 342, "width": 33, "height": 28}, "region_attributes": {}}, {"shape_attributes": {"name": "rect", "x": 353, "y": 240, "width": 20, "height": 24}, "region_attributes": {}}, {"shape_attributes": {"name": "rect", "x": 428, "y": 148, "width": 20, "height": 27}, "region_attributes": {}}, {"shape_attributes": {"name": "rect", "x": 477, "y": 158, "width": 18, "height": 32}, "region_attributes": {}}], "file_attributes": {}}, "dandelion_20190418073019_1.jpg97671": {"filename": "dandelion_20190418073019_1.jpg", "size": 97671, "regions": [], "file_attributes": {}}, "dandelion_20190418073019_2.jpg103539": {"filename": "dandelion_20190418073019_2.jpg", "size": 103539, "regions": [], "file_attributes": {}}, "dandelion_20190418073019_3.jpg99603": {"filename": "dandelion_20190418073019_3.jpg", "size": 99603, "regions": [], "file_attributes": {}}, "dandelion_20190418073019_4.jpg103803": {"filename": "dandelion_20190418073019_4.jpg", "size": 103803, "regions": [], "file_attributes": {}}, "dandelion_20190418073019_5.jpg91675": {"filename": "dandelion_20190418073019_5.jpg", "size": 91675, "regions": [{"shape_attributes": {"name": "rect", "x": 402, "y": 90, "width": 46, "height": 38}, "region_attributes": {}}, {"shape_attributes": {"name": "rect", "x": 540, "y": 319, "width": 28, "height": 25}, "region_attributes": {}}, {"shape_attributes": {"name": "rect", "x": 441, "y": 515, "width": 21, "height": 19}, "region_attributes": {}}, {"shape_attributes": {"name": "rect", "x": 509, "y": 137, "width": 27, "height": 24}, "region_attributes": {}}], "file_attributes": {}}, "dandelion_20190418073019_6.jpg90306": {"filename": "dandelion_20190418073019_6.jpg", "size": 90306, "regions": [{"shape_attributes": {"name": "rect", "x": 358, "y": 239, "width": 23, "height": 26}, "region_attributes": {}}, {"shape_attributes": {"name": "rect", "x": 420, "y": 156, "width": 27, "height": 23}, "region_attributes": {}}, {"shape_attributes": {"name": "rect", "x": 486, "y": 172, "width": 23, "height": 21}, "region_attributes": {}}, {"shape_attributes": {"name": "rect", "x": 392, "y": 349, "width": 28, "height": 24}, "region_attributes": {}}, {"shape_attributes": {"name": "rect", "x": 443, "y": 14, "width": 20, "height": 16}, "region_attributes": {}}], "file_attributes": {}}, "dandelion_20190418080018_1.jpg114586": {"filename": "dandelion_20190418080018_1.jpg", "size": 114586, "regions": [{"shape_attributes": {"name": "rect", "x": 583, "y": 91, "width": 24, "height": 24}, "region_attributes": {}}], "file_attributes": {}}, "dandelion_20190418080018_2.jpg123323": {"filename": "dandelion_20190418080018_2.jpg", "size": 123323, "regions": [{"shape_attributes": {"name": "rect", "x": 261, "y": 89, "width": 26, "height": 25}, "region_attributes": {}}, {"shape_attributes": {"name": "rect", "x": 318, "y": 270, "width": 32, "height": 32}, "region_attributes": {}}, {"shape_attributes": {"name": "rect", "x": 385, "y": 596, "width": 32, "height": 31}, "region_attributes": {}}], "file_attributes": {}}, "dandelion_20190418080018_3.jpg111062": {"filename": "dandelion_20190418080018_3.jpg", "size": 111062, "regions": [{"shape_attributes": {"name": "rect", "x": 201, "y": 355, "width": 17, "height": 18}, "region_attributes": {}}, {"shape_attributes": {"name": "rect", "x": 446, "y": 383, "width": 26, "height": 23}, "region_attributes": {}}], "file_attributes": {}}, "dandelion_20190418080018_4.jpg116851": {"filename": "dandelion_20190418080018_4.jpg", "size": 116851, "regions": [{"shape_attributes": {"name": "rect", "x": 125, "y": 382, "width": 30, "height": 26}, "region_attributes": {}}, {"shape_attributes": {"name": "rect", "x": 534, "y": 362, "width": 23, "height": 22}, "region_attributes": {}}], "file_attributes": {}}, "dandelion_20190418080018_5.jpg99230": {"filename": "dandelion_20190418080018_5.jpg", "size": 99230, "regions": [{"shape_attributes": {"name": "rect", "x": 393, "y": 89, "width": 58, "height": 47}, "region_attributes": {}}, {"shape_attributes": {"name": "rect", "x": 491, "y": 131, "width": 52, "height": 44}, "region_attributes": {}}, {"shape_attributes": {"name": "rect", "x": 535, "y": 315, "width": 37, "height": 34}, "region_attributes": {}}, {"shape_attributes": {"name": "rect", "x": 424, "y": 511, "width": 38, "height": 35}, "region_attributes": {}}, {"shape_attributes": {"name": "rect", "x": 510, "y": 499, "width": 43, "height": 42}, "region_attributes": {}}], "file_attributes": {}}, "dandelion_20190418080018_6.jpg101025": {"filename": "dandelion_20190418080018_6.jpg", "size": 101025, "regions": [{"shape_attributes": {"name": "rect", "x": 411, "y": 152, "width": 38, "height": 33}, "region_attributes": {}}, {"shape_attributes": {"name": "rect", "x": 478, "y": 171, "width": 38, "height": 33}, "region_attributes": {}}, {"shape_attributes": {"name": "rect", "x": 358, "y": 244, "width": 34, "height": 29}, "region_attributes": {}}, {"shape_attributes": {"name": "rect", "x": 435, "y": 9, "width": 25, "height": 27}, "region_attributes": {}}, {"shape_attributes": {"name": "rect", "x": 83, "y": 373, "width": 31, "height": 28}, "region_attributes": {}}, {"shape_attributes": {"name": "rect", "x": 196, "y": 465, "width": 32, "height": 31}, "region_attributes": {}}, {"shape_attributes": {"name": "rect", "x": 393, "y": 348, "width": 34, "height": 29}, "region_attributes": {}}, {"shape_attributes": {"name": "rect", "x": 302, "y": 409, "width": 34, "height": 28}, "region_attributes": {}}, {"shape_attributes": {"name": "rect", "x": 417, "y": 46, "width": 23, "height": 21}, "region_attributes": {}}], "file_attributes": {}}, "dandelion_20190418083018_1.jpg118868": {"filename": "dandelion_20190418083018_1.jpg", "size": 118868, "regions": [{"shape_attributes": {"name": "rect", "x": 576, "y": 71, "width": 47, "height": 51}, "region_attributes": {}}, {"shape_attributes": {"name": "rect", "x": 628, "y": 260, "width": 11, "height": 47}, "region_attributes": {}}, {"shape_attributes": {"name": "rect", "x": 181, "y": 484, "width": 24, "height": 22}, "region_attributes": {}}, {"shape_attributes": {"name": "rect", "x": 449, "y": 396, "width": 22, "height": 21}, "region_attributes": {}}], "file_attributes": {}}, "dandelion_20190418083018_2.jpg122501": {"filename": "dandelion_20190418083018_2.jpg", "size": 122501, "regions": [{"shape_attributes": {"name": "rect", "x": 256, "y": 72, "width": 50, "height": 53}, "region_attributes": {}}, {"shape_attributes": {"name": "rect", "x": 308, "y": 256, "width": 56, "height": 52}, "region_attributes": {}}, {"shape_attributes": {"name": "rect", "x": 379, "y": 591, "width": 50, "height": 46}, "region_attributes": {}}], "file_attributes": {}}, "dandelion_20190418083018_3.jpg122288": {"filename": "dandelion_20190418083018_3.jpg", "size": 122288, "regions": [{"shape_attributes": {"name": "rect", "x": 429, "y": 371, "width": 49, "height": 48}, "region_attributes": {}}, {"shape_attributes": {"name": "rect", "x": 186, "y": 348, "width": 38, "height": 38}, "region_attributes": {}}, {"shape_attributes": {"name": "rect", "x": 176, "y": 24, "width": 32, "height": 32}, "region_attributes": {}}], "file_attributes": {}}, "dandelion_20190418083018_4.jpg126034": {"filename": "dandelion_20190418083018_4.jpg", "size": 126034, "regions": [{"shape_attributes": {"name": "rect", "x": 526, "y": 96, "width": 36, "height": 32}, "region_attributes": {}}, {"shape_attributes": {"name": "rect", "x": 500, "y": 185, "width": 30, "height": 31}, "region_attributes": {}}, {"shape_attributes": {"name": "rect", "x": 524, "y": 361, "width": 41, "height": 35}, "region_attributes": {}}, {"shape_attributes": {"name": "rect", "x": 110, "y": 375, "width": 49, "height": 48}, "region_attributes": {}}], "file_attributes": {}}, "dandelion_20190418083018_5.jpg86280": {"filename": "dandelion_20190418083018_5.jpg", "size": 86280, "regions": [{"shape_attributes": {"name": "rect", "x": 379, "y": 76, "width": 72, "height": 68}, "region_attributes": {}}, {"shape_attributes": {"name": "rect", "x": 480, "y": 110, "width": 69, "height": 69}, "region_attributes": {}}, {"shape_attributes": {"name": "rect", "x": 525, "y": 299, "width": 59, "height": 60}, "region_attributes": {}}, {"shape_attributes": {"name": "rect", "x": 513, "y": 488, "width": 46, "height": 45}, "region_attributes": {}}, {"shape_attributes": {"name": "rect", "x": 416, "y": 507, "width": 53, "height": 44}, "region_attributes": {}}], "file_attributes": {}}, "dandelion_20190418083018_6.jpg91042": {"filename": "dandelion_20190418083018_6.jpg", "size": 91042, "regions": [{"shape_attributes": {"name": "rect", "x": 429, "y": 8, "width": 43, "height": 35}, "region_attributes": {}}, {"shape_attributes": {"name": "rect", "x": 411, "y": 46, "width": 39, "height": 34}, "region_attributes": {}}, {"shape_attributes": {"name": "rect", "x": 402, "y": 152, "width": 49, "height": 42}, "region_attributes": {}}, {"shape_attributes": {"name": "rect", "x": 452, "y": 154, "width": 53, "height": 52}, "region_attributes": {}}, {"shape_attributes": {"name": "rect", "x": 353, "y": 236, "width": 59, "height": 51}, "region_attributes": {}}, {"shape_attributes": {"name": "rect", "x": 386, "y": 337, "width": 56, "height": 58}, "region_attributes": {}}, {"shape_attributes": {"name": "rect", "x": 283, "y": 420, "width": 69, "height": 50}, "region_attributes": {}}, {"shape_attributes": {"name": "rect", "x": 72, "y": 362, "width": 64, "height": 52}, "region_attributes": {}}, {"shape_attributes": {"name": "rect", "x": 191, "y": 457, "width": 60, "height": 53}, "region_attributes": {}}], "file_attributes": {}}, "dandelion_20190418090018_1.jpg119057": {"filename": "dandelion_20190418090018_1.jpg", "size": 119057, "regions": [{"shape_attributes": {"name": "rect", "x": 578, "y": 72, "width": 52, "height": 57}, "region_attributes": {}}, {"shape_attributes": {"name": "rect", "x": 622, "y": 244, "width": 17, "height": 68}, "region_attributes": {}}, {"shape_attributes": {"name": "rect", "x": 443, "y": 393, "width": 35, "height": 34}, "region_attributes": {}}, {"shape_attributes": {"name": "rect", "x": 170, "y": 477, "width": 29, "height": 28}, "region_attributes": {}}], "file_attributes": {}}, "dandelion_20190418090018_2.jpg121470": {"filename": "dandelion_20190418090018_2.jpg", "size": 121470, "regions": [{"shape_attributes": {"name": "rect", "x": 260, "y": 75, "width": 53, "height": 55}, "region_attributes": {}}, {"shape_attributes": {"name": "rect", "x": 299, "y": 245, "width": 72, "height": 68}, "region_attributes": {}}, {"shape_attributes": {"name": "rect", "x": 123, "y": 397, "width": 36, "height": 30}, "region_attributes": {}}, {"shape_attributes": {"name": "rect", "x": 365, "y": 585, "width": 71, "height": 53}, "region_attributes": {}}], "file_attributes": {}}, "dandelion_20190418090018_3.jpg123215": {"filename": "dandelion_20190418090018_3.jpg", "size": 123215, "regions": [{"shape_attributes": {"name": "rect", "x": 170, "y": 13, "width": 47, "height": 42}, "region_attributes": {}}, {"shape_attributes": {"name": "rect", "x": 185, "y": 342, "width": 42, "height": 44}, "region_attributes": {}}, {"shape_attributes": {"name": "rect", "x": 417, "y": 372, "width": 59, "height": 53}, "region_attributes": {}}, {"shape_attributes": {"name": "rect", "x": 502, "y": 328, "width": 38, "height": 37}, "region_attributes": {}}], "file_attributes": {}}, "dandelion_20190418090018_4.jpg124994": {"filename": "dandelion_20190418090018_4.jpg", "size": 124994, "regions": [{"shape_attributes": {"name": "rect", "x": 104, "y": 374, "width": 48, "height": 47}, "region_attributes": {}}, {"shape_attributes": {"name": "rect", "x": 184, "y": 325, "width": 33, "height": 36}, "region_attributes": {}}, {"shape_attributes": {"name": "rect", "x": 494, "y": 185, "width": 39, "height": 39}, "region_attributes": {}}, {"shape_attributes": {"name": "rect", "x": 531, "y": 97, "width": 39, "height": 42}, "region_attributes": {}}, {"shape_attributes": {"name": "rect", "x": 521, "y": 348, "width": 47, "height": 47}, "region_attributes": {}}, {"shape_attributes": {"name": "rect", "x": 379, "y": 1, "width": 34, "height": 13}, "region_attributes": {}}], "file_attributes": {}}, "dandelion_20190418090018_5.jpg83069": {"filename": "dandelion_20190418090018_5.jpg", "size": 83069, "regions": [{"shape_attributes": {"name": "rect", "x": 382, "y": 68, "width": 74, "height": 66}, "region_attributes": {}}, {"shape_attributes": {"name": "rect", "x": 475, "y": 101, "width": 73, "height": 76}, "region_attributes": {}}, {"shape_attributes": {"name": "rect", "x": 522, "y": 304, "width": 61, "height": 65}, "region_attributes": {}}, {"shape_attributes": {"name": "rect", "x": 507, "y": 489, "width": 58, "height": 51}, "region_attributes": {}}, {"shape_attributes": {"name": "rect", "x": 415, "y": 508, "width": 50, "height": 45}, "region_attributes": {}}], "file_attributes": {}}, "dandelion_20190418090018_6.jpg86768": {"filename": "dandelion_20190418090018_6.jpg", "size": 86768, "regions": [{"shape_attributes": {"name": "rect", "x": 427, "y": 4, "width": 46, "height": 40}, "region_attributes": {}}, {"shape_attributes": {"name": "rect", "x": 411, "y": 45, "width": 47, "height": 41}, "region_attributes": {}}, {"shape_attributes": {"name": "rect", "x": 392, "y": 148, "width": 57, "height": 48}, "region_attributes": {}}, {"shape_attributes": {"name": "rect", "x": 443, "y": 150, "width": 64, "height": 56}, "region_attributes": {}}, {"shape_attributes": {"name": "rect", "x": 503, "y": 260, "width": 41, "height": 43}, "region_attributes": {}}, {"shape_attributes": {"name": "rect", "x": 363, "y": 230, "width": 64, "height": 58}, "region_attributes": {}}, {"shape_attributes": {"name": "rect", "x": 372, "y": 334, "width": 65, "height": 60}, "region_attributes": {}}, {"shape_attributes": {"name": "rect", "x": 77, "y": 362, "width": 67, "height": 62}, "region_attributes": {}}, {"shape_attributes": {"name": "rect", "x": 194, "y": 445, "width": 65, "height": 66}, "region_attributes": {}}, {"shape_attributes": {"name": "rect", "x": 297, "y": 430, "width": 57, "height": 58}, "region_attributes": {}}], "file_attributes": {}}, "dandelion_20190418093018_1.jpg118836": {"filename": "dandelion_20190418093018_1.jpg", "size": 118836, "regions": [{"shape_attributes": {"name": "rect", "x": 574, "y": 79, "width": 49, "height": 57}, "region_attributes": {}}, {"shape_attributes": {"name": "rect", "x": 620, "y": 250, "width": 18, "height": 61}, "region_attributes": {}}, {"shape_attributes": {"name": "rect", "x": 443, "y": 392, "width": 41, "height": 41}, "region_attributes": {}}, {"shape_attributes": {"name": "rect", "x": 152, "y": 480, "width": 52, "height": 46}, "region_attributes": {}}, {"shape_attributes": {"name": "rect", "x": 164, "y": 626, "width": 35, "height": 12}, "region_attributes": {}}, {"shape_attributes": {"name": "rect", "x": 198, "y": 564, "width": 27, "height": 24}, "region_attributes": {}}], "file_attributes": {}}, "dandelion_20190418093018_2.jpg120839": {"filename": "dandelion_20190418093018_2.jpg", "size": 120839, "regions": [{"shape_attributes": {"name": "rect", "x": 248, "y": 80, "width": 59, "height": 55}, "region_attributes": {}}, {"shape_attributes": {"name": "rect", "x": 296, "y": 244, "width": 66, "height": 66}, "region_attributes": {}}, {"shape_attributes": {"name": "rect", "x": 121, "y": 390, "width": 47, "height": 44}, "region_attributes": {}}, {"shape_attributes": {"name": "rect", "x": 356, "y": 578, "width": 72, "height": 61}, "region_attributes": {}}], "file_attributes": {}}, "dandelion_20190418093018_3.jpg123362": {"filename": "dandelion_20190418093018_3.jpg", "size": 123362, "regions": [{"shape_attributes": {"name": "rect", "x": 167, "y": 18, "width": 55, "height": 44}, "region_attributes": {}}, {"shape_attributes": {"name": "rect", "x": 160, "y": 2, "width": 45, "height": 22}, "region_attributes": {}}, {"shape_attributes": {"name": "rect", "x": 176, "y": 342, "width": 58, "height": 46}, "region_attributes": {}}, {"shape_attributes": {"name": "rect", "x": 495, "y": 321, "width": 44, "height": 46}, "region_attributes": {}}, {"shape_attributes": {"name": "rect", "x": 419, "y": 374, "width": 59, "height": 56}, "region_attributes": {}}], "file_attributes": {}}, "dandelion_20190418093018_4.jpg124662": {"filename": "dandelion_20190418093018_4.jpg", "size": 124662, "regions": [{"shape_attributes": {"name": "rect", "x": 98, "y": 371, "width": 57, "height": 59}, "region_attributes": {}}, {"shape_attributes": {"name": "rect", "x": 174, "y": 323, "width": 43, "height": 43}, "region_attributes": {}}, {"shape_attributes": {"name": "rect", "x": 318, "y": 292, "width": 37, "height": 33}, "region_attributes": {}}, {"shape_attributes": {"name": "rect", "x": 365, "y": 2, "width": 56, "height": 15}, "region_attributes": {}}, {"shape_attributes": {"name": "rect", "x": 519, "y": 86, "width": 52, "height": 60}, "region_attributes": {}}, {"shape_attributes": {"name": "rect", "x": 486, "y": 184, "width": 49, "height": 42}, "region_attributes": {}}, {"shape_attributes": {"name": "rect", "x": 517, "y": 340, "width": 54, "height": 59}, "region_attributes": {}}], "file_attributes": {}}, "dandelion_20190418093018_5.jpg82713": {"filename": "dandelion_20190418093018_5.jpg", "size": 82713, "regions": [{"shape_attributes": {"name": "rect", "x": 379, "y": 76, "width": 74, "height": 75}, "region_attributes": {}}, {"shape_attributes": {"name": "rect", "x": 470, "y": 101, "width": 80, "height": 84}, "region_attributes": {}}, {"shape_attributes": {"name": "rect", "x": 518, "y": 321, "width": 62, "height": 60}, "region_attributes": {}}, {"shape_attributes": {"name": "rect", "x": 406, "y": 512, "width": 61, "height": 48}, "region_attributes": {}}, {"shape_attributes": {"name": "rect", "x": 488, "y": 501, "width": 56, "height": 56}, "region_attributes": {}}], "file_attributes": {}}, "dandelion_20190418093018_6.jpg86139": {"filename": "dandelion_20190418093018_6.jpg", "size": 86139, "regions": [{"shape_attributes": {"name": "rect", "x": 65, "y": 364, "width": 78, "height": 77}, "region_attributes": {}}, {"shape_attributes": {"name": "rect", "x": 180, "y": 429, "width": 85, "height": 79}, "region_attributes": {}}, {"shape_attributes": {"name": "rect", "x": 286, "y": 431, "width": 72, "height": 66}, "region_attributes": {}}, {"shape_attributes": {"name": "rect", "x": 354, "y": 333, "width": 75, "height": 60}, "region_attributes": {}}, {"shape_attributes": {"name": "rect", "x": 366, "y": 234, "width": 64, "height": 59}, "region_attributes": {}}, {"shape_attributes": {"name": "rect", "x": 505, "y": 265, "width": 36, "height": 44}, "region_attributes": {}}, {"shape_attributes": {"name": "rect", "x": 392, "y": 153, "width": 60, "height": 55}, "region_attributes": {}}, {"shape_attributes": {"name": "rect", "x": 441, "y": 152, "width": 60, "height": 59}, "region_attributes": {}}, {"shape_attributes": {"name": "rect", "x": 396, "y": 40, "width": 57, "height": 50}, "region_attributes": {}}, {"shape_attributes": {"name": "rect", "x": 416, "y": 6, "width": 56, "height": 43}, "region_attributes": {}}], "file_attributes": {}}, "dandelion_20190416163018_1.jpg121692": {"filename": "dandelion_20190416163018_1.jpg", "size": 121692, "regions": [{"shape_attributes": {"name": "rect", "x": 412, "y": 143, "width": 46, "height": 37}, "region_attributes": {}}, {"shape_attributes": {"name": "rect", "x": 594, "y": 340, "width": 44, "height": 48}, "region_attributes": {}}, {"shape_attributes": {"name": "rect", "x": 381, "y": 286, "width": 48, "height": 38}, "region_attributes": {}}, {"shape_attributes": {"name": "rect", "x": 227, "y": 401, "width": 49, "height": 45}, "region_attributes": {}}, {"shape_attributes": {"name": "rect", "x": 184, "y": 568, "width": 59, "height": 50}, "region_attributes": {}}], "file_attributes": {}}, "dandelion_20190416163018_2.jpg122636": {"filename": "dandelion_20190416163018_2.jpg", "size": 122636, "regions": [{"shape_attributes": {"name": "rect", "x": 91, "y": 146, "width": 48, "height": 34}, "region_attributes": {}}, {"shape_attributes": {"name": "rect", "x": 61, "y": 289, "width": 49, "height": 35}, "region_attributes": {}}, {"shape_attributes": {"name": "rect", "x": 277, "y": 339, "width": 55, "height": 51}, "region_attributes": {}}, {"shape_attributes": {"name": "rect", "x": 550, "y": 331, "width": 48, "height": 56}, "region_attributes": {}}, {"shape_attributes": {"name": "rect", "x": 378, "y": 596, "width": 49, "height": 43}, "region_attributes": {}}], "file_attributes": {}}, "dandelion_20190416163018_3.jpg128136": {"filename": "dandelion_20190416163018_3.jpg", "size": 128136, "regions": [{"shape_attributes": {"name": "rect", "x": 437, "y": 85, "width": 56, "height": 51}, "region_attributes": {}}, {"shape_attributes": {"name": "rect", "x": 619, "y": 56, "width": 20, "height": 25}, "region_attributes": {}}, {"shape_attributes": {"name": "rect", "x": 558, "y": 272, "width": 65, "height": 52}, "region_attributes": {}}, {"shape_attributes": {"name": "rect", "x": 587, "y": 476, "width": 51, "height": 56}, "region_attributes": {}}], "file_attributes": {}}, "dandelion_20190416163018_4.jpg127713": {"filename": "dandelion_20190416163018_4.jpg", "size": 127713, "regions": [{"shape_attributes": {"name": "rect", "x": 118, "y": 87, "width": 52, "height": 49}, "region_attributes": {}}, {"shape_attributes": {"name": "rect", "x": 240, "y": 272, "width": 61, "height": 50}, "region_attributes": {}}, {"shape_attributes": {"name": "rect", "x": 410, "y": 375, "width": 46, "height": 57}, "region_attributes": {}}, {"shape_attributes": {"name": "rect", "x": 265, "y": 478, "width": 67, "height": 57}, "region_attributes": {}}], "file_attributes": {}}, "dandelion_20190416163018_5.jpg82923": {"filename": "dandelion_20190416163018_5.jpg", "size": 82923, "regions": [{"shape_attributes": {"name": "rect", "x": 369, "y": 37, "width": 60, "height": 46}, "region_attributes": {}}, {"shape_attributes": {"name": "rect", "x": 267, "y": 272, "width": 60, "height": 50}, "region_attributes": {}}, {"shape_attributes": {"name": "rect", "x": 437, "y": 108, "width": 31, "height": 32}, "region_attributes": {}}], "file_attributes": {}}, "dandelion_20190416163018_6.jpg87389": {"filename": "dandelion_20190416163018_6.jpg", "size": 87389, "regions": [{"shape_attributes": {"name": "rect", "x": 270, "y": 12, "width": 56, "height": 47}, "region_attributes": {}}, {"shape_attributes": {"name": "rect", "x": 460, "y": 25, "width": 57, "height": 54}, "region_attributes": {}}, {"shape_attributes": {"name": "rect", "x": 409, "y": 180, "width": 39, "height": 32}, "region_attributes": {}}, {"shape_attributes": {"name": "rect", "x": 474, "y": 162, "width": 60, "height": 59}, "region_attributes": {}}, {"shape_attributes": {"name": "rect", "x": 295, "y": 343, "width": 44, "height": 43}, "region_attributes": {}}, {"shape_attributes": {"name": "rect", "x": 397, "y": 346, "width": 48, "height": 28}, "region_attributes": {}}, {"shape_attributes": {"name": "rect", "x": 441, "y": 292, "width": 38, "height": 27}, "region_attributes": {}}], "file_attributes": {}}, "dandelion_20190416170018_1.jpg120611": {"filename": "dandelion_20190416170018_1.jpg", "size": 120611, "regions": [{"shape_attributes": {"name": "rect", "x": 416, "y": 144, "width": 35, "height": 25}, "region_attributes": {}}, {"shape_attributes": {"name": "rect", "x": 601, "y": 339, "width": 38, "height": 40}, "region_attributes": {}}, {"shape_attributes": {"name": "rect", "x": 379, "y": 281, "width": 44, "height": 35}, "region_attributes": {}}, {"shape_attributes": {"name": "rect", "x": 229, "y": 403, "width": 37, "height": 33}, "region_attributes": {}}, {"shape_attributes": {"name": "rect", "x": 181, "y": 568, "width": 56, "height": 44}, "region_attributes": {}}], "file_attributes": {}}, "dandelion_20190416170018_2.jpg120519": {"filename": "dandelion_20190416170018_2.jpg", "size": 120519, "regions": [{"shape_attributes": {"name": "rect", "x": 98, "y": 144, "width": 34, "height": 26}, "region_attributes": {}}, {"shape_attributes": {"name": "rect", "x": 62, "y": 283, "width": 42, "height": 31}, "region_attributes": {}}, {"shape_attributes": {"name": "rect", "x": 283, "y": 343, "width": 39, "height": 37}, "region_attributes": {}}, {"shape_attributes": {"name": "rect", "x": 563, "y": 332, "width": 39, "height": 52}, "region_attributes": {}}, {"shape_attributes": {"name": "rect", "x": 378, "y": 597, "width": 42, "height": 43}, "region_attributes": {}}], "file_attributes": {}}, "dandelion_20190416170018_3.jpg128400": {"filename": "dandelion_20190416170018_3.jpg", "size": 128400, "regions": [{"shape_attributes": {"name": "rect", "x": 438, "y": 82, "width": 55, "height": 54}, "region_attributes": {}}, {"shape_attributes": {"name": "rect", "x": 562, "y": 269, "width": 50, "height": 44}, "region_attributes": {}}, {"shape_attributes": {"name": "rect", "x": 590, "y": 482, "width": 49, "height": 50}, "region_attributes": {}}], "file_attributes": {}}, "dandelion_20190416170018_4.jpg127705": {"filename": "dandelion_20190416170018_4.jpg", "size": 127705, "regions": [{"shape_attributes": {"name": "rect", "x": 118, "y": 83, "width": 55, "height": 51}, "region_attributes": {}}, {"shape_attributes": {"name": "rect", "x": 242, "y": 272, "width": 50, "height": 39}, "region_attributes": {}}, {"shape_attributes": {"name": "rect", "x": 412, "y": 374, "width": 42, "height": 58}, "region_attributes": {}}, {"shape_attributes": {"name": "rect", "x": 267, "y": 480, "width": 68, "height": 55}, "region_attributes": {}}], "file_attributes": {}}, "dandelion_20190416170018_5.jpg79050": {"filename": "dandelion_20190416170018_5.jpg", "size": 79050, "regions": [{"shape_attributes": {"name": "rect", "x": 376, "y": 36, "width": 55, "height": 43}, "region_attributes": {}}, {"shape_attributes": {"name": "rect", "x": 270, "y": 282, "width": 54, "height": 39}, "region_attributes": {}}], "file_attributes": {}}, "dandelion_20190416170018_6.jpg84511": {"filename": "dandelion_20190416170018_6.jpg", "size": 84511, "regions": [{"shape_attributes": {"name": "rect", "x": 419, "y": 180, "width": 26, "height": 25}, "region_attributes": {}}, {"shape_attributes": {"name": "rect", "x": 266, "y": 13, "width": 50, "height": 40}, "region_attributes": {}}, {"shape_attributes": {"name": "rect", "x": 466, "y": 24, "width": 52, "height": 52}, "region_attributes": {}}, {"shape_attributes": {"name": "rect", "x": 486, "y": 166, "width": 47, "height": 45}, "region_attributes": {}}, {"shape_attributes": {"name": "rect", "x": 450, "y": 292, "width": 24, "height": 26}, "region_attributes": {}}, {"shape_attributes": {"name": "rect", "x": 396, "y": 347, "width": 45, "height": 24}, "region_attributes": {}}, {"shape_attributes": {"name": "rect", "x": 298, "y": 346, "width": 37, "height": 34}, "region_attributes": {}}], "file_attributes": {}}, "dandelion_20190416173018_1.jpg113017": {"filename": "dandelion_20190416173018_1.jpg", "size": 113017, "regions": [{"shape_attributes": {"name": "rect", "x": 178, "y": 563, "width": 61, "height": 44}, "region_attributes": {}}, {"shape_attributes": {"name": "rect", "x": 234, "y": 406, "width": 29, "height": 25}, "region_attributes": {}}, {"shape_attributes": {"name": "rect", "x": 377, "y": 284, "width": 40, "height": 24}, "region_attributes": {}}, {"shape_attributes": {"name": "rect", "x": 605, "y": 344, "width": 29, "height": 26}, "region_attributes": {}}, {"shape_attributes": {"name": "rect", "x": 419, "y": 144, "width": 28, "height": 21}, "region_attributes": {}}], "file_attributes": {}}, "dandelion_20190416173018_2.jpg115500": {"filename": "dandelion_20190416173018_2.jpg", "size": 115500, "regions": [{"shape_attributes": {"name": "rect", "x": 568, "y": 340, "width": 33, "height": 40}, "region_attributes": {}}, {"shape_attributes": {"name": "rect", "x": 375, "y": 599, "width": 37, "height": 34}, "region_attributes": {}}, {"shape_attributes": {"name": "rect", "x": 98, "y": 144, "width": 30, "height": 21}, "region_attributes": {}}, {"shape_attributes": {"name": "rect", "x": 60, "y": 285, "width": 38, "height": 23}, "region_attributes": {}}, {"shape_attributes": {"name": "rect", "x": 289, "y": 346, "width": 26, "height": 22}, "region_attributes": {}}], "file_attributes": {}}, "dandelion_20190416173018_3.jpg116744": {"filename": "dandelion_20190416173018_3.jpg", "size": 116744, "regions": [{"shape_attributes": {"name": "rect", "x": 441, "y": 85, "width": 48, "height": 42}, "region_attributes": {}}, {"shape_attributes": {"name": "rect", "x": 569, "y": 272, "width": 29, "height": 32}, "region_attributes": {}}, {"shape_attributes": {"name": "rect", "x": 586, "y": 483, "width": 52, "height": 53}, "region_attributes": {}}], "file_attributes": {}}, "dandelion_20190416173018_4.jpg115463": {"filename": "dandelion_20190416173018_4.jpg", "size": 115463, "regions": [{"shape_attributes": {"name": "rect", "x": 122, "y": 81, "width": 48, "height": 46}, "region_attributes": {}}, {"shape_attributes": {"name": "rect", "x": 246, "y": 274, "width": 32, "height": 30}, "region_attributes": {}}, {"shape_attributes": {"name": "rect", "x": 421, "y": 372, "width": 35, "height": 60}, "region_attributes": {}}, {"shape_attributes": {"name": "rect", "x": 266, "y": 485, "width": 68, "height": 54}, "region_attributes": {}}], "file_attributes": {}}, "dandelion_20190416173018_5.jpg85726": {"filename": "dandelion_20190416173018_5.jpg", "size": 85726, "regions": [{"shape_attributes": {"name": "rect", "x": 384, "y": 36, "width": 48, "height": 36}, "region_attributes": {}}, {"shape_attributes": {"name": "rect", "x": 272, "y": 285, "width": 41, "height": 30}, "region_attributes": {}}], "file_attributes": {}}, "dandelion_20190416173018_6.jpg88264": {"filename": "dandelion_20190416173018_6.jpg", "size": 88264, "regions": [{"shape_attributes": {"name": "rect", "x": 263, "y": 17, "width": 47, "height": 30}, "region_attributes": {}}, {"shape_attributes": {"name": "rect", "x": 474, "y": 27, "width": 40, "height": 31}, "region_attributes": {}}, {"shape_attributes": {"name": "rect", "x": 492, "y": 167, "width": 38, "height": 39}, "region_attributes": {}}, {"shape_attributes": {"name": "rect", "x": 396, "y": 346, "width": 37, "height": 21}, "region_attributes": {}}, {"shape_attributes": {"name": "rect", "x": 298, "y": 353, "width": 32, "height": 27}, "region_attributes": {}}], "file_attributes": {}}, "dandelion_20190416180018_1.jpg102736": {"filename": "dandelion_20190416180018_1.jpg", "size": 102736, "regions": [{"shape_attributes": {"name": "rect", "x": 182, "y": 560, "width": 52, "height": 33}, "region_attributes": {}}, {"shape_attributes": {"name": "rect", "x": 385, "y": 283, "width": 29, "height": 20}, "region_attributes": {}}], "file_attributes": {}}, "dandelion_20190416180018_2.jpg105636": {"filename": "dandelion_20190416180018_2.jpg", "size": 105636, "regions": [{"shape_attributes": {"name": "rect", "x": 67, "y": 284, "width": 29, "height": 19}, "region_attributes": {}}], "file_attributes": {}}, "dandelion_20190416180018_3.jpg108050": {"filename": "dandelion_20190416180018_3.jpg", "size": 108050, "regions": [{"shape_attributes": {"name": "rect", "x": 446, "y": 82, "width": 34, "height": 34}, "region_attributes": {}}, {"shape_attributes": {"name": "rect", "x": 587, "y": 492, "width": 51, "height": 50}, "region_attributes": {}}], "file_attributes": {}}, "dandelion_20190416180018_4.jpg106962": {"filename": "dandelion_20190416180018_4.jpg", "size": 106962, "regions": [{"shape_attributes": {"name": "rect", "x": 125, "y": 83, "width": 36, "height": 34}, "region_attributes": {}}, {"shape_attributes": {"name": "rect", "x": 428, "y": 378, "width": 26, "height": 47}, "region_attributes": {}}, {"shape_attributes": {"name": "rect", "x": 269, "y": 493, "width": 60, "height": 48}, "region_attributes": {}}, {"shape_attributes": {"name": "rect", "x": 253, "y": 284, "width": 22, "height": 17}, "region_attributes": {}}], "file_attributes": {}}, "dandelion_20190416180018_5.jpg84030": {"filename": "dandelion_20190416180018_5.jpg", "size": 84030, "regions": [{"shape_attributes": {"name": "rect", "x": 396, "y": 42, "width": 34, "height": 28}, "region_attributes": {}}, {"shape_attributes": {"name": "rect", "x": 276, "y": 291, "width": 29, "height": 23}, "region_attributes": {}}], "file_attributes": {}}, "dandelion_20190416180018_6.jpg84204": {"filename": "dandelion_20190416180018_6.jpg", "size": 84204, "regions": [{"shape_attributes": {"name": "rect", "x": 265, "y": 22, "width": 35, "height": 26}, "region_attributes": {}}, {"shape_attributes": {"name": "rect", "x": 484, "y": 32, "width": 26, "height": 26}, "region_attributes": {}}, {"shape_attributes": {"name": "rect", "x": 498, "y": 176, "width": 28, "height": 27}, "region_attributes": {}}, {"shape_attributes": {"name": "rect", "x": 402, "y": 347, "width": 24, "height": 19}, "region_attributes": {}}], "file_attributes": {}}, "dandelion_20190417080018_1.jpg111140": {"filename": "dandelion_20190417080018_1.jpg", "size": 111140, "regions": [{"shape_attributes": {"name": "rect", "x": 243, "y": 412, "width": 24, "height": 20}, "region_attributes": {}}], "file_attributes": {}}, "dandelion_20190417080018_2.jpg125178": {"filename": "dandelion_20190417080018_2.jpg", "size": 125178, "regions": [], "file_attributes": {}}, "dandelion_20190417080018_3.jpg99051": {"filename": "dandelion_20190417080018_3.jpg", "size": 99051, "regions": [], "file_attributes": {}}, "dandelion_20190417080018_4.jpg110044": {"filename": "dandelion_20190417080018_4.jpg", "size": 110044, "regions": [{"shape_attributes": {"name": "rect", "x": 129, "y": 88, "width": 15, "height": 15}, "region_attributes": {}}], "file_attributes": {}}, "dandelion_20190417080018_5.jpg106996": {"filename": "dandelion_20190417080018_5.jpg", "size": 106996, "regions": [{"shape_attributes": {"name": "rect", "x": 386, "y": 38, "width": 49, "height": 46}, "region_attributes": {}}, {"shape_attributes": {"name": "rect", "x": 429, "y": 101, "width": 34, "height": 35}, "region_attributes": {}}, {"shape_attributes": {"name": "rect", "x": 467, "y": 148, "width": 28, "height": 30}, "region_attributes": {}}, {"shape_attributes": {"name": "rect", "x": 505, "y": 315, "width": 31, "height": 31}, "region_attributes": {}}], "file_attributes": {}}, "dandelion_20190417080018_6.jpg107972": {"filename": "dandelion_20190417080018_6.jpg", "size": 107972, "regions": [{"shape_attributes": {"name": "rect", "x": 262, "y": 17, "width": 33, "height": 27}, "region_attributes": {}}, {"shape_attributes": {"name": "rect", "x": 490, "y": 36, "width": 27, "height": 21}, "region_attributes": {}}, {"shape_attributes": {"name": "rect", "x": 509, "y": 170, "width": 43, "height": 38}, "region_attributes": {}}, {"shape_attributes": {"name": "rect", "x": 414, "y": 177, "width": 43, "height": 38}, "region_attributes": {}}, {"shape_attributes": {"name": "rect", "x": 454, "y": 282, "width": 45, "height": 42}, "region_attributes": {}}, {"shape_attributes": {"name": "rect", "x": 284, "y": 360, "width": 43, "height": 36}, "region_attributes": {}}, {"shape_attributes": {"name": "rect", "x": 430, "y": 355, "width": 42, "height": 26}, "region_attributes": {}}, {"shape_attributes": {"name": "rect", "x": 189, "y": 357, "width": 27, "height": 23}, "region_attributes": {}}], "file_attributes": {}}, "dandelion_20190417083019_1.jpg117407": {"filename": "dandelion_20190417083019_1.jpg", "size": 117407, "regions": [{"shape_attributes": {"name": "rect", "x": 415, "y": 140, "width": 19, "height": 28}, "region_attributes": {}}, {"shape_attributes": {"name": "rect", "x": 580, "y": 106, "width": 17, "height": 18}, "region_attributes": {}}, {"shape_attributes": {"name": "rect", "x": 384, "y": 286, "width": 25, "height": 22}, "region_attributes": {}}, {"shape_attributes": {"name": "rect", "x": 582, "y": 328, "width": 45, "height": 48}, "region_attributes": {}}, {"shape_attributes": {"name": "rect", "x": 230, "y": 408, "width": 41, "height": 36}, "region_attributes": {}}, {"shape_attributes": {"name": "rect", "x": 186, "y": 488, "width": 21, "height": 25}, "region_attributes": {}}, {"shape_attributes": {"name": "rect", "x": 177, "y": 555, "width": 26, "height": 32}, "region_attributes": {}}], "file_attributes": {}}, "dandelion_20190417083019_2.jpg131929": {"filename": "dandelion_20190417083019_2.jpg", "size": 131929, "regions": [{"shape_attributes": {"name": "rect", "x": 254, "y": 105, "width": 23, "height": 22}, "region_attributes": {}}, {"shape_attributes": {"name": "rect", "x": 93, "y": 141, "width": 21, "height": 23}, "region_attributes": {}}, {"shape_attributes": {"name": "rect", "x": 64, "y": 285, "width": 22, "height": 22}, "region_attributes": {}}, {"shape_attributes": {"name": "rect", "x": 262, "y": 329, "width": 45, "height": 47}, "region_attributes": {}}, {"shape_attributes": {"name": "rect", "x": 382, "y": 604, "width": 26, "height": 29}, "region_attributes": {}}], "file_attributes": {}}, "dandelion_20190417083019_3.jpg122186": {"filename": "dandelion_20190417083019_3.jpg", "size": 122186, "regions": [{"shape_attributes": {"name": "rect", "x": 438, "y": 89, "width": 28, "height": 26}, "region_attributes": {}}, {"shape_attributes": {"name": "rect", "x": 549, "y": 268, "width": 48, "height": 52}, "region_attributes": {}}, {"shape_attributes": {"name": "rect", "x": 602, "y": 516, "width": 37, "height": 29}, "region_attributes": {}}, {"shape_attributes": {"name": "rect", "x": 180, "y": 41, "width": 18, "height": 20}, "region_attributes": {}}], "file_attributes": {}}, "dandelion_20190417083019_4.jpg135319": {"filename": "dandelion_20190417083019_4.jpg", "size": 135319, "regions": [{"shape_attributes": {"name": "rect", "x": 119, "y": 86, "width": 28, "height": 31}, "region_attributes": {}}, {"shape_attributes": {"name": "rect", "x": 230, "y": 272, "width": 46, "height": 48}, "region_attributes": {}}, {"shape_attributes": {"name": "rect", "x": 431, "y": 381, "width": 25, "height": 31}, "region_attributes": {}}, {"shape_attributes": {"name": "rect", "x": 286, "y": 517, "width": 36, "height": 29}, "region_attributes": {}}], "file_attributes": {}}, "dandelion_20190417083019_5.jpg101378": {"filename": "dandelion_20190417083019_5.jpg", "size": 101378, "regions": [{"shape_attributes": {"name": "rect", "x": 360, "y": 33, "width": 78, "height": 67}, "region_attributes": {}}, {"shape_attributes": {"name": "rect", "x": 423, "y": 102, "width": 48, "height": 42}, "region_attributes": {}}, {"shape_attributes": {"name": "rect", "x": 446, "y": 149, "width": 59, "height": 49}, "region_attributes": {}}, {"shape_attributes": {"name": "rect", "x": 491, "y": 308, "width": 56, "height": 48}, "region_attributes": {}}, {"shape_attributes": {"name": "rect", "x": 406, "y": 520, "width": 36, "height": 23}, "region_attributes": {}}, {"shape_attributes": {"name": "rect", "x": 481, "y": 512, "width": 37, "height": 28}, "region_attributes": {}}], "file_attributes": {}}, "dandelion_20190417083019_6.jpg107539": {"filename": "dandelion_20190417083019_6.jpg", "size": 107539, "regions": [{"shape_attributes": {"name": "rect", "x": 258, "y": 7, "width": 52, "height": 48}, "region_attributes": {}}, {"shape_attributes": {"name": "rect", "x": 401, "y": 21, "width": 40, "height": 31}, "region_attributes": {}}, {"shape_attributes": {"name": "rect", "x": 424, "y": 65, "width": 35, "height": 34}, "region_attributes": {}}, {"shape_attributes": {"name": "rect", "x": 468, "y": 34, "width": 53, "height": 46}, "region_attributes": {}}, {"shape_attributes": {"name": "rect", "x": 474, "y": 180, "width": 32, "height": 34}, "region_attributes": {}}, {"shape_attributes": {"name": "rect", "x": 492, "y": 153, "width": 70, "height": 59}, "region_attributes": {}}, {"shape_attributes": {"name": "rect", "x": 402, "y": 165, "width": 67, "height": 55}, "region_attributes": {}}, {"shape_attributes": {"name": "rect", "x": 435, "y": 275, "width": 67, "height": 62}, "region_attributes": {}}, {"shape_attributes": {"name": "rect", "x": 413, "y": 345, "width": 70, "height": 53}, "region_attributes": {}}, {"shape_attributes": {"name": "rect", "x": 251, "y": 341, "width": 89, "height": 87}, "region_attributes": {}}, {"shape_attributes": {"name": "rect", "x": 172, "y": 356, "width": 54, "height": 48}, "region_attributes": {}}], "file_attributes": {}}, "dandelion_20190417090019_1.jpg124958": {"filename": "dandelion_20190417090019_1.jpg", "size": 124958, "regions": [{"shape_attributes": {"name": "rect", "x": 402, "y": 138, "width": 45, "height": 43}, "region_attributes": {}}, {"shape_attributes": {"name": "rect", "x": 563, "y": 92, "width": 40, "height": 40}, "region_attributes": {}}, {"shape_attributes": {"name": "rect", "x": 625, "y": 268, "width": 14, "height": 30}, "region_attributes": {}}, {"shape_attributes": {"name": "rect", "x": 579, "y": 328, "width": 59, "height": 64}, "region_attributes": {}}, {"shape_attributes": {"name": "rect", "x": 377, "y": 280, "width": 41, "height": 40}, "region_attributes": {}}, {"shape_attributes": {"name": "rect", "x": 222, "y": 398, "width": 60, "height": 55}, "region_attributes": {}}, {"shape_attributes": {"name": "rect", "x": 178, "y": 486, "width": 34, "height": 30}, "region_attributes": {}}, {"shape_attributes": {"name": "rect", "x": 166, "y": 552, "width": 45, "height": 36}, "region_attributes": {}}], "file_attributes": {}}, "dandelion_20190417090019_2.jpg134446": {"filename": "dandelion_20190417090019_2.jpg", "size": 134446, "regions": [{"shape_attributes": {"name": "rect", "x": 82, "y": 140, "width": 43, "height": 40}, "region_attributes": {}}, {"shape_attributes": {"name": "rect", "x": 246, "y": 91, "width": 36, "height": 41}, "region_attributes": {}}, {"shape_attributes": {"name": "rect", "x": 58, "y": 281, "width": 37, "height": 38}, "region_attributes": {}}, {"shape_attributes": {"name": "rect", "x": 304, "y": 264, "width": 31, "height": 30}, "region_attributes": {}}, {"shape_attributes": {"name": "rect", "x": 260, "y": 331, "width": 66, "height": 60}, "region_attributes": {}}, {"shape_attributes": {"name": "rect", "x": 534, "y": 338, "width": 46, "height": 34}, "region_attributes": {}}, {"shape_attributes": {"name": "rect", "x": 378, "y": 592, "width": 55, "height": 46}, "region_attributes": {}}], "file_attributes": {}}, "dandelion_20190417090019_3.jpg124389": {"filename": "dandelion_20190417090019_3.jpg", "size": 124389, "regions": [{"shape_attributes": {"name": "rect", "x": 169, "y": 39, "width": 33, "height": 31}, "region_attributes": {}}, {"shape_attributes": {"name": "rect", "x": 430, "y": 80, "width": 41, "height": 43}, "region_attributes": {}}, {"shape_attributes": {"name": "rect", "x": 551, "y": 263, "width": 67, "height": 66}, "region_attributes": {}}, {"shape_attributes": {"name": "rect", "x": 424, "y": 386, "width": 38, "height": 38}, "region_attributes": {}}, {"shape_attributes": {"name": "rect", "x": 598, "y": 509, "width": 40, "height": 39}, "region_attributes": {}}], "file_attributes": {}}, "dandelion_20190417090019_4.jpg141249": {"filename": "dandelion_20190417090019_4.jpg", "size": 141249, "regions": [{"shape_attributes": {"name": "rect", "x": 110, "y": 79, "width": 43, "height": 43}, "region_attributes": {}}, {"shape_attributes": {"name": "rect", "x": 504, "y": 81, "width": 40, "height": 41}, "region_attributes": {}}, {"shape_attributes": {"name": "rect", "x": 498, "y": 191, "width": 20, "height": 25}, "region_attributes": {}}, {"shape_attributes": {"name": "rect", "x": 229, "y": 264, "width": 69, "height": 63}, "region_attributes": {}}, {"shape_attributes": {"name": "rect", "x": 103, "y": 388, "width": 40, "height": 33}, "region_attributes": {}}, {"shape_attributes": {"name": "rect", "x": 426, "y": 376, "width": 36, "height": 43}, "region_attributes": {}}, {"shape_attributes": {"name": "rect", "x": 509, "y": 365, "width": 33, "height": 40}, "region_attributes": {}}, {"shape_attributes": {"name": "rect", "x": 277, "y": 510, "width": 64, "height": 34}, "region_attributes": {}}], "file_attributes": {}}, "dandelion_20190417090019_5.jpg92400": {"filename": "dandelion_20190417090019_5.jpg", "size": 92400, "regions": [{"shape_attributes": {"name": "rect", "x": 376, "y": 17, "width": 80, "height": 71}, "region_attributes": {}}, {"shape_attributes": {"name": "rect", "x": 418, "y": 101, "width": 55, "height": 47}, "region_attributes": {}}, {"shape_attributes": {"name": "rect", "x": 438, "y": 146, "width": 75, "height": 61}, "region_attributes": {}}, {"shape_attributes": {"name": "rect", "x": 478, "y": 302, "width": 62, "height": 54}, "region_attributes": {}}, {"shape_attributes": {"name": "rect", "x": 482, "y": 492, "width": 47, "height": 45}, "region_attributes": {}}, {"shape_attributes": {"name": "rect", "x": 410, "y": 514, "width": 46, "height": 35}, "region_attributes": {}}], "file_attributes": {}}, "dandelion_20190417090019_6.jpg93931": {"filename": "dandelion_20190417090019_6.jpg", "size": 93931, "regions": [{"shape_attributes": {"name": "rect", "x": 268, "y": 9, "width": 65, "height": 52}, "region_attributes": {}}, {"shape_attributes": {"name": "rect", "x": 398, "y": 14, "width": 46, "height": 37}, "region_attributes": {}}, {"shape_attributes": {"name": "rect", "x": 459, "y": 26, "width": 68, "height": 56}, "region_attributes": {}}, {"shape_attributes": {"name": "rect", "x": 415, "y": 57, "width": 47, "height": 44}, "region_attributes": {}}, {"shape_attributes": {"name": "rect", "x": 457, "y": 138, "width": 80, "height": 52}, "region_attributes": {}}, {"shape_attributes": {"name": "rect", "x": 402, "y": 164, "width": 66, "height": 56}, "region_attributes": {}}, {"shape_attributes": {"name": "rect", "x": 415, "y": 271, "width": 62, "height": 56}, "region_attributes": {}}, {"shape_attributes": {"name": "rect", "x": 423, "y": 347, "width": 65, "height": 54}, "region_attributes": {}}, {"shape_attributes": {"name": "rect", "x": 260, "y": 327, "width": 87, "height": 77}, "region_attributes": {}}, {"shape_attributes": {"name": "rect", "x": 189, "y": 327, "width": 68, "height": 57}, "region_attributes": {}}, {"shape_attributes": {"name": "rect", "x": 253, "y": 390, "width": 70, "height": 47}, "region_attributes": {}}], "file_attributes": {}}, "dandelion_20190417093018_1.jpg117227": {"filename": "dandelion_20190417093018_1.jpg", "size": 117227, "regions": [{"shape_attributes": {"name": "rect", "x": 557, "y": 95, "width": 50, "height": 44}, "region_attributes": {}}, {"shape_attributes": {"name": "rect", "x": 614, "y": 238, "width": 25, "height": 52}, "region_attributes": {}}, {"shape_attributes": {"name": "rect", "x": 401, "y": 144, "width": 59, "height": 50}, "region_attributes": {}}, {"shape_attributes": {"name": "rect", "x": 382, "y": 288, "width": 52, "height": 52}, "region_attributes": {}}, {"shape_attributes": {"name": "rect", "x": 587, "y": 334, "width": 52, "height": 61}, "region_attributes": {}}, {"shape_attributes": {"name": "rect", "x": 220, "y": 402, "width": 62, "height": 60}, "region_attributes": {}}, {"shape_attributes": {"name": "rect", "x": 171, "y": 483, "width": 36, "height": 41}, "region_attributes": {}}, {"shape_attributes": {"name": "rect", "x": 161, "y": 554, "width": 65, "height": 56}, "region_attributes": {}}], "file_attributes": {}}, "dandelion_20190417093018_2.jpg129214": {"filename": "dandelion_20190417093018_2.jpg", "size": 129214, "regions": [{"shape_attributes": {"name": "rect", "x": 239, "y": 98, "width": 46, "height": 41}, "region_attributes": {}}, {"shape_attributes": {"name": "rect", "x": 86, "y": 145, "width": 50, "height": 47}, "region_attributes": {}}, {"shape_attributes": {"name": "rect", "x": 298, "y": 240, "width": 52, "height": 56}, "region_attributes": {}}, {"shape_attributes": {"name": "rect", "x": 59, "y": 289, "width": 57, "height": 54}, "region_attributes": {}}, {"shape_attributes": {"name": "rect", "x": 268, "y": 339, "width": 65, "height": 59}, "region_attributes": {}}, {"shape_attributes": {"name": "rect", "x": 533, "y": 325, "width": 56, "height": 52}, "region_attributes": {}}, {"shape_attributes": {"name": "rect", "x": 380, "y": 596, "width": 71, "height": 41}, "region_attributes": {}}], "file_attributes": {}}, "dandelion_20190417093018_3.jpg111977": {"filename": "dandelion_20190417093018_3.jpg", "size": 111977, "regions": [{"shape_attributes": {"name": "rect", "x": 164, "y": 46, "width": 46, "height": 45}, "region_attributes": {}}, {"shape_attributes": {"name": "rect", "x": 421, "y": 82, "width": 65, "height": 55}, "region_attributes": {}}, {"shape_attributes": {"name": "rect", "x": 561, "y": 273, "width": 71, "height": 65}, "region_attributes": {}}, {"shape_attributes": {"name": "rect", "x": 433, "y": 386, "width": 44, "height": 40}, "region_attributes": {}}, {"shape_attributes": {"name": "rect", "x": 184, "y": 356, "width": 39, "height": 44}, "region_attributes": {}}, {"shape_attributes": {"name": "rect", "x": 595, "y": 489, "width": 45, "height": 59}, "region_attributes": {}}], "file_attributes": {}}, "dandelion_20190417093018_4.jpg123053": {"filename": "dandelion_20190417093018_4.jpg", "size": 123053, "regions": [{"shape_attributes": {"name": "rect", "x": 506, "y": 83, "width": 45, "height": 44}, "region_attributes": {}}, {"shape_attributes": {"name": "rect", "x": 374, "y": 0, "width": 71, "height": 15}, "region_attributes": {}}, {"shape_attributes": {"name": "rect", "x": 105, "y": 83, "width": 55, "height": 51}, "region_attributes": {}}, {"shape_attributes": {"name": "rect", "x": 484, "y": 181, "width": 35, "height": 40}, "region_attributes": {}}, {"shape_attributes": {"name": "rect", "x": 494, "y": 362, "width": 55, "height": 49}, "region_attributes": {}}, {"shape_attributes": {"name": "rect", "x": 416, "y": 375, "width": 46, "height": 55}, "region_attributes": {}}, {"shape_attributes": {"name": "rect", "x": 242, "y": 273, "width": 70, "height": 64}, "region_attributes": {}}, {"shape_attributes": {"name": "rect", "x": 115, "y": 385, "width": 44, "height": 47}, "region_attributes": {}}, {"shape_attributes": {"name": "rect", "x": 278, "y": 489, "width": 70, "height": 57}, "region_attributes": {}}], "file_attributes": {}}, "dandelion_20190417093018_5.jpg111712": {"filename": "dandelion_20190417093018_5.jpg", "size": 111712, "regions": [{"shape_attributes": {"name": "rect", "x": 366, "y": 25, "width": 73, "height": 60}, "region_attributes": {}}, {"shape_attributes": {"name": "rect", "x": 418, "y": 103, "width": 52, "height": 44}, "region_attributes": {}}, {"shape_attributes": {"name": "rect", "x": 422, "y": 148, "width": 81, "height": 62}, "region_attributes": {}}, {"shape_attributes": {"name": "rect", "x": 477, "y": 313, "width": 64, "height": 47}, "region_attributes": {}}, {"shape_attributes": {"name": "rect", "x": 489, "y": 504, "width": 45, "height": 40}, "region_attributes": {}}, {"shape_attributes": {"name": "rect", "x": 405, "y": 517, "width": 51, "height": 35}, "region_attributes": {}}], "file_attributes": {}}, "dandelion_20190417093018_6.jpg109357": {"filename": "dandelion_20190417093018_6.jpg", "size": 109357, "regions": [{"shape_attributes": {"name": "rect", "x": 270, "y": 14, "width": 62, "height": 51}, "region_attributes": {}}, {"shape_attributes": {"name": "rect", "x": 390, "y": 15, "width": 51, "height": 41}, "region_attributes": {}}, {"shape_attributes": {"name": "rect", "x": 406, "y": 61, "width": 49, "height": 42}, "region_attributes": {}}, {"shape_attributes": {"name": "rect", "x": 459, "y": 24, "width": 70, "height": 55}, "region_attributes": {}}, {"shape_attributes": {"name": "rect", "x": 167, "y": 336, "width": 70, "height": 55}, "region_attributes": {}}, {"shape_attributes": {"name": "rect", "x": 392, "y": 177, "width": 62, "height": 55}, "region_attributes": {}}, {"shape_attributes": {"name": "rect", "x": 457, "y": 148, "width": 80, "height": 61}, "region_attributes": {}}, {"shape_attributes": {"name": "rect", "x": 425, "y": 164, "width": 50, "height": 53}, "region_attributes": {}}, {"shape_attributes": {"name": "rect", "x": 409, "y": 272, "width": 65, "height": 54}, "region_attributes": {}}, {"shape_attributes": {"name": "rect", "x": 419, "y": 346, "width": 60, "height": 56}, "region_attributes": {}}, {"shape_attributes": {"name": "rect", "x": 255, "y": 347, "width": 80, "height": 70}, "region_attributes": {}}, {"shape_attributes": {"name": "rect", "x": 250, "y": 408, "width": 67, "height": 50}, "region_attributes": {}}], "file_attributes": {}}, "dandelion_20190417100018_1.jpg119791": {"filename": "dandelion_20190417100018_1.jpg", "size": 119791, "regions": [{"shape_attributes": {"name": "rect", "x": 554, "y": 91, "width": 50, "height": 46}, "region_attributes": {}}, {"shape_attributes": {"name": "rect", "x": 619, "y": 239, "width": 17, "height": 57}, "region_attributes": {}}, {"shape_attributes": {"name": "rect", "x": 586, "y": 336, "width": 51, "height": 56}, "region_attributes": {}}, {"shape_attributes": {"name": "rect", "x": 402, "y": 144, "width": 52, "height": 50}, "region_attributes": {}}, {"shape_attributes": {"name": "rect", "x": 379, "y": 290, "width": 56, "height": 54}, "region_attributes": {}}, {"shape_attributes": {"name": "rect", "x": 224, "y": 405, "width": 55, "height": 55}, "region_attributes": {}}, {"shape_attributes": {"name": "rect", "x": 166, "y": 479, "width": 46, "height": 41}, "region_attributes": {}}, {"shape_attributes": {"name": "rect", "x": 163, "y": 562, "width": 66, "height": 56}, "region_attributes": {}}], "file_attributes": {}}, "dandelion_20190417100018_2.jpg130607": {"filename": "dandelion_20190417100018_2.jpg", "size": 130607, "regions": [{"shape_attributes": {"name": "rect", "x": 233, "y": 95, "width": 52, "height": 42}, "region_attributes": {}}, {"shape_attributes": {"name": "rect", "x": 80, "y": 146, "width": 59, "height": 47}, "region_attributes": {}}, {"shape_attributes": {"name": "rect", "x": 59, "y": 293, "width": 57, "height": 54}, "region_attributes": {}}, {"shape_attributes": {"name": "rect", "x": 296, "y": 235, "width": 57, "height": 62}, "region_attributes": {}}, {"shape_attributes": {"name": "rect", "x": 537, "y": 330, "width": 62, "height": 50}, "region_attributes": {}}, {"shape_attributes": {"name": "rect", "x": 265, "y": 335, "width": 67, "height": 60}, "region_attributes": {}}, {"shape_attributes": {"name": "rect", "x": 377, "y": 595, "width": 70, "height": 42}, "region_attributes": {}}], "file_attributes": {}}, "dandelion_20190417100018_3.jpg119752": {"filename": "dandelion_20190417100018_3.jpg", "size": 119752, "regions": [{"shape_attributes": {"name": "rect", "x": 159, "y": 39, "width": 46, "height": 51}, "region_attributes": {}}, {"shape_attributes": {"name": "rect", "x": 421, "y": 83, "width": 56, "height": 55}, "region_attributes": {}}, {"shape_attributes": {"name": "rect", "x": 560, "y": 275, "width": 75, "height": 66}, "region_attributes": {}}, {"shape_attributes": {"name": "rect", "x": 186, "y": 355, "width": 49, "height": 34}, "region_attributes": {}}, {"shape_attributes": {"name": "rect", "x": 428, "y": 381, "width": 41, "height": 47}, "region_attributes": {}}, {"shape_attributes": {"name": "rect", "x": 594, "y": 481, "width": 45, "height": 61}, "region_attributes": {}}], "file_attributes": {}}, "dandelion_20190417100018_4.jpg129364": {"filename": "dandelion_20190417100018_4.jpg", "size": 129364, "regions": [{"shape_attributes": {"name": "rect", "x": 377, "y": 4, "width": 67, "height": 14}, "region_attributes": {}}, {"shape_attributes": {"name": "rect", "x": 499, "y": 77, "width": 52, "height": 44}, "region_attributes": {}}, {"shape_attributes": {"name": "rect", "x": 97, "y": 85, "width": 64, "height": 54}, "region_attributes": {}}, {"shape_attributes": {"name": "rect", "x": 482, "y": 181, "width": 40, "height": 36}, "region_attributes": {}}, {"shape_attributes": {"name": "rect", "x": 240, "y": 276, "width": 72, "height": 62}, "region_attributes": {}}, {"shape_attributes": {"name": "rect", "x": 105, "y": 380, "width": 46, "height": 46}, "region_attributes": {}}, {"shape_attributes": {"name": "rect", "x": 411, "y": 371, "width": 47, "height": 59}, "region_attributes": {}}, {"shape_attributes": {"name": "rect", "x": 498, "y": 365, "width": 54, "height": 46}, "region_attributes": {}}, {"shape_attributes": {"name": "rect", "x": 275, "y": 482, "width": 67, "height": 57}, "region_attributes": {}}], "file_attributes": {}}, "dandelion_20190417100018_5.jpg108104": {"filename": "dandelion_20190417100018_5.jpg", "size": 108104, "regions": [{"shape_attributes": {"name": "rect", "x": 351, "y": 32, "width": 73, "height": 61}, "region_attributes": {}}, {"shape_attributes": {"name": "rect", "x": 418, "y": 105, "width": 54, "height": 41}, "region_attributes": {}}, {"shape_attributes": {"name": "rect", "x": 423, "y": 148, "width": 73, "height": 67}, "region_attributes": {}}, {"shape_attributes": {"name": "rect", "x": 482, "y": 305, "width": 57, "height": 57}, "region_attributes": {}}, {"shape_attributes": {"name": "rect", "x": 417, "y": 512, "width": 39, "height": 40}, "region_attributes": {}}, {"shape_attributes": {"name": "rect", "x": 484, "y": 514, "width": 41, "height": 36}, "region_attributes": {}}], "file_attributes": {}}, "dandelion_20190417100018_6.jpg106374": {"filename": "dandelion_20190417100018_6.jpg", "size": 106374, "regions": [{"shape_attributes": {"name": "rect", "x": 270, "y": 12, "width": 61, "height": 52}, "region_attributes": {}}, {"shape_attributes": {"name": "rect", "x": 388, "y": 14, "width": 54, "height": 41}, "region_attributes": {}}, {"shape_attributes": {"name": "rect", "x": 404, "y": 56, "width": 51, "height": 46}, "region_attributes": {}}, {"shape_attributes": {"name": "rect", "x": 462, "y": 26, "width": 63, "height": 51}, "region_attributes": {}}, {"shape_attributes": {"name": "rect", "x": 386, "y": 178, "width": 63, "height": 56}, "region_attributes": {}}, {"shape_attributes": {"name": "rect", "x": 426, "y": 173, "width": 54, "height": 50}, "region_attributes": {}}, {"shape_attributes": {"name": "rect", "x": 459, "y": 152, "width": 85, "height": 65}, "region_attributes": {}}, {"shape_attributes": {"name": "rect", "x": 408, "y": 274, "width": 67, "height": 55}, "region_attributes": {}}, {"shape_attributes": {"name": "rect", "x": 406, "y": 344, "width": 68, "height": 60}, "region_attributes": {}}, {"shape_attributes": {"name": "rect", "x": 154, "y": 333, "width": 80, "height": 61}, "region_attributes": {}}, {"shape_attributes": {"name": "rect", "x": 251, "y": 349, "width": 84, "height": 71}, "region_attributes": {}}, {"shape_attributes": {"name": "rect", "x": 261, "y": 411, "width": 66, "height": 53}, "region_attributes": {}}], "file_attributes": {}}, "dandelion_20190417103018_1.jpg122543": {"filename": "dandelion_20190417103018_1.jpg", "size": 122543, "regions": [{"shape_attributes": {"name": "rect", "x": 559, "y": 85, "width": 46, "height": 46}, "region_attributes": {}}, {"shape_attributes": {"name": "rect", "x": 402, "y": 144, "width": 51, "height": 49}, "region_attributes": {}}, {"shape_attributes": {"name": "rect", "x": 616, "y": 232, "width": 22, "height": 58}, "region_attributes": {}}, {"shape_attributes": {"name": "rect", "x": 586, "y": 335, "width": 51, "height": 59}, "region_attributes": {}}, {"shape_attributes": {"name": "rect", "x": 378, "y": 291, "width": 55, "height": 51}, "region_attributes": {}}, {"shape_attributes": {"name": "rect", "x": 220, "y": 403, "width": 54, "height": 51}, "region_attributes": {}}, {"shape_attributes": {"name": "rect", "x": 167, "y": 476, "width": 45, "height": 40}, "region_attributes": {}}, {"shape_attributes": {"name": "rect", "x": 169, "y": 564, "width": 60, "height": 53}, "region_attributes": {}}], "file_attributes": {}}, "dandelion_20190417103018_2.jpg131560": {"filename": "dandelion_20190417103018_2.jpg", "size": 131560, "regions": [{"shape_attributes": {"name": "rect", "x": 238, "y": 88, "width": 46, "height": 39}, "region_attributes": {}}, {"shape_attributes": {"name": "rect", "x": 81, "y": 143, "width": 53, "height": 51}, "region_attributes": {}}, {"shape_attributes": {"name": "rect", "x": 296, "y": 232, "width": 60, "height": 58}, "region_attributes": {}}, {"shape_attributes": {"name": "rect", "x": 542, "y": 328, "width": 59, "height": 57}, "region_attributes": {}}, {"shape_attributes": {"name": "rect", "x": 268, "y": 335, "width": 63, "height": 59}, "region_attributes": {}}, {"shape_attributes": {"name": "rect", "x": 61, "y": 293, "width": 53, "height": 48}, "region_attributes": {}}, {"shape_attributes": {"name": "rect", "x": 375, "y": 594, "width": 68, "height": 42}, "region_attributes": {}}], "file_attributes": {}}, "dandelion_20190417103018_3.jpg122613": {"filename": "dandelion_20190417103018_3.jpg", "size": 122613, "regions": [{"shape_attributes": {"name": "rect", "x": 154, "y": 31, "width": 45, "height": 48}, "region_attributes": {}}, {"shape_attributes": {"name": "rect", "x": 420, "y": 84, "width": 56, "height": 50}, "region_attributes": {}}, {"shape_attributes": {"name": "rect", "x": 564, "y": 276, "width": 71, "height": 62}, "region_attributes": {}}, {"shape_attributes": {"name": "rect", "x": 423, "y": 383, "width": 42, "height": 42}, "region_attributes": {}}, {"shape_attributes": {"name": "rect", "x": 592, "y": 481, "width": 46, "height": 55}, "region_attributes": {}}, {"shape_attributes": {"name": "rect", "x": 190, "y": 349, "width": 47, "height": 35}, "region_attributes": {}}], "file_attributes": {}}, "dandelion_20190417103018_4.jpg130003": {"filename": "dandelion_20190417103018_4.jpg", "size": 130003, "regions": [{"shape_attributes": {"name": "rect", "x": 378, "y": 0, "width": 62, "height": 17}, "region_attributes": {}}, {"shape_attributes": {"name": "rect", "x": 500, "y": 78, "width": 49, "height": 46}, "region_attributes": {}}, {"shape_attributes": {"name": "rect", "x": 484, "y": 175, "width": 34, "height": 35}, "region_attributes": {}}, {"shape_attributes": {"name": "rect", "x": 99, "y": 85, "width": 59, "height": 50}, "region_attributes": {}}, {"shape_attributes": {"name": "rect", "x": 240, "y": 276, "width": 71, "height": 61}, "region_attributes": {}}, {"shape_attributes": {"name": "rect", "x": 103, "y": 382, "width": 46, "height": 42}, "region_attributes": {}}, {"shape_attributes": {"name": "rect", "x": 275, "y": 481, "width": 66, "height": 60}, "region_attributes": {}}, {"shape_attributes": {"name": "rect", "x": 410, "y": 370, "width": 50, "height": 60}, "region_attributes": {}}, {"shape_attributes": {"name": "rect", "x": 506, "y": 356, "width": 49, "height": 47}, "region_attributes": {}}], "file_attributes": {}}, "dandelion_20190417103018_5.jpg107125": {"filename": "dandelion_20190417103018_5.jpg", "size": 107125, "regions": [{"shape_attributes": {"name": "rect", "x": 351, "y": 33, "width": 73, "height": 66}, "region_attributes": {}}, {"shape_attributes": {"name": "rect", "x": 419, "y": 102, "width": 51, "height": 42}, "region_attributes": {}}, {"shape_attributes": {"name": "rect", "x": 428, "y": 135, "width": 76, "height": 71}, "region_attributes": {}}, {"shape_attributes": {"name": "rect", "x": 486, "y": 313, "width": 61, "height": 53}, "region_attributes": {}}, {"shape_attributes": {"name": "rect", "x": 484, "y": 502, "width": 38, "height": 32}, "region_attributes": {}}, {"shape_attributes": {"name": "rect", "x": 421, "y": 510, "width": 40, "height": 34}, "region_attributes": {}}], "file_attributes": {}}, "dandelion_20190417103018_6.jpg104301": {"filename": "dandelion_20190417103018_6.jpg", "size": 104301, "regions": [{"shape_attributes": {"name": "rect", "x": 268, "y": 8, "width": 65, "height": 52}, "region_attributes": {}}, {"shape_attributes": {"name": "rect", "x": 384, "y": 13, "width": 52, "height": 37}, "region_attributes": {}}, {"shape_attributes": {"name": "rect", "x": 455, "y": 21, "width": 66, "height": 52}, "region_attributes": {}}, {"shape_attributes": {"name": "rect", "x": 403, "y": 54, "width": 51, "height": 45}, "region_attributes": {}}, {"shape_attributes": {"name": "rect", "x": 471, "y": 148, "width": 74, "height": 65}, "region_attributes": {}}, {"shape_attributes": {"name": "rect", "x": 435, "y": 169, "width": 46, "height": 50}, "region_attributes": {}}, {"shape_attributes": {"name": "rect", "x": 388, "y": 177, "width": 59, "height": 52}, "region_attributes": {}}, {"shape_attributes": {"name": "rect", "x": 407, "y": 271, "width": 67, "height": 56}, "region_attributes": {}}, {"shape_attributes": {"name": "rect", "x": 402, "y": 340, "width": 69, "height": 62}, "region_attributes": {}}, {"shape_attributes": {"name": "rect", "x": 253, "y": 351, "width": 80, "height": 68}, "region_attributes": {}}, {"shape_attributes": {"name": "rect", "x": 151, "y": 333, "width": 76, "height": 61}, "region_attributes": {}}, {"shape_attributes": {"name": "rect", "x": 260, "y": 413, "width": 66, "height": 50}, "region_attributes": {}}], "file_attributes": {}}, "dandelion_20190417110018_1.jpg124383": {"filename": "dandelion_20190417110018_1.jpg", "size": 124383, "regions": [{"shape_attributes": {"name": "rect", "x": 555, "y": 86, "width": 50, "height": 44}, "region_attributes": {}}, {"shape_attributes": {"name": "rect", "x": 401, "y": 143, "width": 56, "height": 51}, "region_attributes": {}}, {"shape_attributes": {"name": "rect", "x": 615, "y": 225, "width": 25, "height": 62}, "region_attributes": {}}, {"shape_attributes": {"name": "rect", "x": 589, "y": 331, "width": 49, "height": 63}, "region_attributes": {}}, {"shape_attributes": {"name": "rect", "x": 377, "y": 291, "width": 56, "height": 50}, "region_attributes": {}}, {"shape_attributes": {"name": "rect", "x": 218, "y": 403, "width": 58, "height": 53}, "region_attributes": {}}, {"shape_attributes": {"name": "rect", "x": 162, "y": 478, "width": 50, "height": 43}, "region_attributes": {}}, {"shape_attributes": {"name": "rect", "x": 169, "y": 560, "width": 58, "height": 56}, "region_attributes": {}}], "file_attributes": {}}, "dandelion_20190417110018_2.jpg131947": {"filename": "dandelion_20190417110018_2.jpg", "size": 131947, "regions": [{"shape_attributes": {"name": "rect", "x": 233, "y": 87, "width": 53, "height": 42}, "region_attributes": {}}, {"shape_attributes": {"name": "rect", "x": 80, "y": 146, "width": 57, "height": 50}, "region_attributes": {}}, {"shape_attributes": {"name": "rect", "x": 59, "y": 291, "width": 55, "height": 51}, "region_attributes": {}}, {"shape_attributes": {"name": "rect", "x": 296, "y": 229, "width": 62, "height": 58}, "region_attributes": {}}, {"shape_attributes": {"name": "rect", "x": 539, "y": 330, "width": 58, "height": 60}, "region_attributes": {}}, {"shape_attributes": {"name": "rect", "x": 266, "y": 335, "width": 68, "height": 58}, "region_attributes": {}}, {"shape_attributes": {"name": "rect", "x": 375, "y": 590, "width": 68, "height": 47}, "region_attributes": {}}], "file_attributes": {}}, "dandelion_20190417110018_3.jpg125472": {"filename": "dandelion_20190417110018_3.jpg", "size": 125472, "regions": [{"shape_attributes": {"name": "rect", "x": 151, "y": 33, "width": 51, "height": 46}, "region_attributes": {}}, {"shape_attributes": {"name": "rect", "x": 417, "y": 83, "width": 59, "height": 52}, "region_attributes": {}}, {"shape_attributes": {"name": "rect", "x": 562, "y": 272, "width": 70, "height": 64}, "region_attributes": {}}, {"shape_attributes": {"name": "rect", "x": 187, "y": 346, "width": 47, "height": 34}, "region_attributes": {}}, {"shape_attributes": {"name": "rect", "x": 424, "y": 383, "width": 41, "height": 41}, "region_attributes": {}}, {"shape_attributes": {"name": "rect", "x": 595, "y": 475, "width": 43, "height": 59}, "region_attributes": {}}], "file_attributes": {}}, "dandelion_20190417110018_4.jpg131631": {"filename": "dandelion_20190417110018_4.jpg", "size": 131631, "regions": [{"shape_attributes": {"name": "rect", "x": 379, "y": 0, "width": 57, "height": 19}, "region_attributes": {}}, {"shape_attributes": {"name": "rect", "x": 503, "y": 79, "width": 50, "height": 49}, "region_attributes": {}}, {"shape_attributes": {"name": "rect", "x": 100, "y": 81, "width": 53, "height": 53}, "region_attributes": {}}, {"shape_attributes": {"name": "rect", "x": 482, "y": 177, "width": 35, "height": 36}, "region_attributes": {}}, {"shape_attributes": {"name": "rect", "x": 504, "y": 352, "width": 50, "height": 49}, "region_attributes": {}}, {"shape_attributes": {"name": "rect", "x": 242, "y": 275, "width": 72, "height": 61}, "region_attributes": {}}, {"shape_attributes": {"name": "rect", "x": 101, "y": 385, "width": 45, "height": 38}, "region_attributes": {}}, {"shape_attributes": {"name": "rect", "x": 273, "y": 480, "width": 68, "height": 58}, "region_attributes": {}}, {"shape_attributes": {"name": "rect", "x": 409, "y": 371, "width": 49, "height": 59}, "region_attributes": {}}], "file_attributes": {}}, "dandelion_20190417110018_5.jpg105044": {"filename": "dandelion_20190417110018_5.jpg", "size": 105044, "regions": [{"shape_attributes": {"name": "rect", "x": 352, "y": 33, "width": 73, "height": 62}, "region_attributes": {}}, {"shape_attributes": {"name": "rect", "x": 421, "y": 101, "width": 54, "height": 41}, "region_attributes": {}}, {"shape_attributes": {"name": "rect", "x": 432, "y": 125, "width": 75, "height": 70}, "region_attributes": {}}, {"shape_attributes": {"name": "rect", "x": 482, "y": 312, "width": 62, "height": 52}, "region_attributes": {}}, {"shape_attributes": {"name": "rect", "x": 486, "y": 489, "width": 39, "height": 32}, "region_attributes": {}}, {"shape_attributes": {"name": "rect", "x": 415, "y": 508, "width": 45, "height": 36}, "region_attributes": {}}], "file_attributes": {}}, "dandelion_20190417110018_6.jpg102809": {"filename": "dandelion_20190417110018_6.jpg", "size": 102809, "regions": [{"shape_attributes": {"name": "rect", "x": 275, "y": 9, "width": 59, "height": 46}, "region_attributes": {}}, {"shape_attributes": {"name": "rect", "x": 384, "y": 13, "width": 54, "height": 38}, "region_attributes": {}}, {"shape_attributes": {"name": "rect", "x": 454, "y": 20, "width": 63, "height": 55}, "region_attributes": {}}, {"shape_attributes": {"name": "rect", "x": 402, "y": 53, "width": 52, "height": 46}, "region_attributes": {}}, {"shape_attributes": {"name": "rect", "x": 471, "y": 142, "width": 73, "height": 64}, "region_attributes": {}}, {"shape_attributes": {"name": "rect", "x": 436, "y": 165, "width": 48, "height": 46}, "region_attributes": {}}, {"shape_attributes": {"name": "rect", "x": 387, "y": 173, "width": 65, "height": 54}, "region_attributes": {}}, {"shape_attributes": {"name": "rect", "x": 401, "y": 272, "width": 69, "height": 54}, "region_attributes": {}}, {"shape_attributes": {"name": "rect", "x": 386, "y": 340, "width": 76, "height": 59}, "region_attributes": {}}, {"shape_attributes": {"name": "rect", "x": 253, "y": 350, "width": 80, "height": 72}, "region_attributes": {}}, {"shape_attributes": {"name": "rect", "x": 259, "y": 413, "width": 67, "height": 51}, "region_attributes": {}}, {"shape_attributes": {"name": "rect", "x": 143, "y": 334, "width": 77, "height": 64}, "region_attributes": {}}], "file_attributes": {}}, "dandelion_20190417113018_1.jpg126030": {"filename": "dandelion_20190417113018_1.jpg", "size": 126030, "regions": [{"shape_attributes": {"name": "rect", "x": 554, "y": 84, "width": 48, "height": 45}, "region_attributes": {}}, {"shape_attributes": {"name": "rect", "x": 403, "y": 147, "width": 49, "height": 48}, "region_attributes": {}}, {"shape_attributes": {"name": "rect", "x": 616, "y": 228, "width": 20, "height": 62}, "region_attributes": {}}, {"shape_attributes": {"name": "rect", "x": 587, "y": 335, "width": 48, "height": 59}, "region_attributes": {}}, {"shape_attributes": {"name": "rect", "x": 383, "y": 293, "width": 50, "height": 48}, "region_attributes": {}}, {"shape_attributes": {"name": "rect", "x": 219, "y": 399, "width": 57, "height": 55}, "region_attributes": {}}, {"shape_attributes": {"name": "rect", "x": 162, "y": 479, "width": 50, "height": 43}, "region_attributes": {}}, {"shape_attributes": {"name": "rect", "x": 171, "y": 561, "width": 59, "height": 55}, "region_attributes": {}}], "file_attributes": {}}, "dandelion_20190417113018_2.jpg131936": {"filename": "dandelion_20190417113018_2.jpg", "size": 131936, "regions": [{"shape_attributes": {"name": "rect", "x": 233, "y": 84, "width": 49, "height": 42}, "region_attributes": {}}, {"shape_attributes": {"name": "rect", "x": 80, "y": 145, "width": 57, "height": 52}, "region_attributes": {}}, {"shape_attributes": {"name": "rect", "x": 297, "y": 230, "width": 61, "height": 58}, "region_attributes": {}}, {"shape_attributes": {"name": "rect", "x": 61, "y": 293, "width": 52, "height": 47}, "region_attributes": {}}, {"shape_attributes": {"name": "rect", "x": 269, "y": 334, "width": 64, "height": 61}, "region_attributes": {}}, {"shape_attributes": {"name": "rect", "x": 541, "y": 336, "width": 59, "height": 56}, "region_attributes": {}}, {"shape_attributes": {"name": "rect", "x": 375, "y": 591, "width": 66, "height": 46}, "region_attributes": {}}], "file_attributes": {}}, "dandelion_20190417113018_3.jpg127328": {"filename": "dandelion_20190417113018_3.jpg", "size": 127328, "regions": [{"shape_attributes": {"name": "rect", "x": 151, "y": 31, "width": 52, "height": 50}, "region_attributes": {}}, {"shape_attributes": {"name": "rect", "x": 419, "y": 80, "width": 54, "height": 52}, "region_attributes": {}}, {"shape_attributes": {"name": "rect", "x": 561, "y": 274, "width": 72, "height": 59}, "region_attributes": {}}, {"shape_attributes": {"name": "rect", "x": 187, "y": 346, "width": 49, "height": 27}, "region_attributes": {}}, {"shape_attributes": {"name": "rect", "x": 423, "y": 388, "width": 39, "height": 37}, "region_attributes": {}}, {"shape_attributes": {"name": "rect", "x": 591, "y": 481, "width": 46, "height": 60}, "region_attributes": {}}], "file_attributes": {}}, "dandelion_20190417113018_4.jpg131858": {"filename": "dandelion_20190417113018_4.jpg", "size": 131858, "regions": [{"shape_attributes": {"name": "rect", "x": 97, "y": 83, "width": 58, "height": 49}, "region_attributes": {}}, {"shape_attributes": {"name": "rect", "x": 378, "y": 4, "width": 57, "height": 13}, "region_attributes": {}}, {"shape_attributes": {"name": "rect", "x": 505, "y": 78, "width": 47, "height": 49}, "region_attributes": {}}, {"shape_attributes": {"name": "rect", "x": 478, "y": 177, "width": 40, "height": 37}, "region_attributes": {}}, {"shape_attributes": {"name": "rect", "x": 243, "y": 274, "width": 72, "height": 62}, "region_attributes": {}}, {"shape_attributes": {"name": "rect", "x": 101, "y": 389, "width": 37, "height": 37}, "region_attributes": {}}, {"shape_attributes": {"name": "rect", "x": 271, "y": 477, "width": 73, "height": 60}, "region_attributes": {}}, {"shape_attributes": {"name": "rect", "x": 403, "y": 373, "width": 56, "height": 59}, "region_attributes": {}}, {"shape_attributes": {"name": "rect", "x": 503, "y": 351, "width": 53, "height": 46}, "region_attributes": {}}], "file_attributes": {}}, "dandelion_20190417113018_5.jpg104545": {"filename": "dandelion_20190417113018_5.jpg", "size": 104545, "regions": [{"shape_attributes": {"name": "rect", "x": 359, "y": 34, "width": 70, "height": 62}, "region_attributes": {}}, {"shape_attributes": {"name": "rect", "x": 422, "y": 103, "width": 53, "height": 41}, "region_attributes": {}}, {"shape_attributes": {"name": "rect", "x": 435, "y": 128, "width": 73, "height": 68}, "region_attributes": {}}, {"shape_attributes": {"name": "rect", "x": 484, "y": 312, "width": 59, "height": 50}, "region_attributes": {}}, {"shape_attributes": {"name": "rect", "x": 482, "y": 495, "width": 40, "height": 37}, "region_attributes": {}}, {"shape_attributes": {"name": "rect", "x": 417, "y": 513, "width": 36, "height": 33}, "region_attributes": {}}], "file_attributes": {}}, "dandelion_20190417113018_6.jpg103050": {"filename": "dandelion_20190417113018_6.jpg", "size": 103050, "regions": [{"shape_attributes": {"name": "rect", "x": 286, "y": 11, "width": 50, "height": 44}, "region_attributes": {}}, {"shape_attributes": {"name": "rect", "x": 388, "y": 10, "width": 46, "height": 44}, "region_attributes": {}}, {"shape_attributes": {"name": "rect", "x": 453, "y": 18, "width": 65, "height": 56}, "region_attributes": {}}, {"shape_attributes": {"name": "rect", "x": 409, "y": 54, "width": 51, "height": 46}, "region_attributes": {}}, {"shape_attributes": {"name": "rect", "x": 474, "y": 141, "width": 73, "height": 63}, "region_attributes": {}}, {"shape_attributes": {"name": "rect", "x": 442, "y": 162, "width": 49, "height": 46}, "region_attributes": {}}, {"shape_attributes": {"name": "rect", "x": 387, "y": 171, "width": 67, "height": 52}, "region_attributes": {}}, {"shape_attributes": {"name": "rect", "x": 396, "y": 269, "width": 65, "height": 55}, "region_attributes": {}}, {"shape_attributes": {"name": "rect", "x": 369, "y": 334, "width": 76, "height": 62}, "region_attributes": {}}, {"shape_attributes": {"name": "rect", "x": 247, "y": 356, "width": 82, "height": 64}, "region_attributes": {}}, {"shape_attributes": {"name": "rect", "x": 255, "y": 416, "width": 71, "height": 52}, "region_attributes": {}}, {"shape_attributes": {"name": "rect", "x": 134, "y": 334, "width": 74, "height": 65}, "region_attributes": {}}], "file_attributes": {}}, "dandelion_20190417120018_1.jpg125711": {"filename": "dandelion_20190417120018_1.jpg", "size": 125711, "regions": [{"shape_attributes": {"name": "rect", "x": 399, "y": 148, "width": 54, "height": 47}, "region_attributes": {}}, {"shape_attributes": {"name": "rect", "x": 550, "y": 86, "width": 51, "height": 40}, "region_attributes": {}}, {"shape_attributes": {"name": "rect", "x": 620, "y": 229, "width": 18, "height": 58}, "region_attributes": {}}, {"shape_attributes": {"name": "rect", "x": 589, "y": 336, "width": 47, "height": 57}, "region_attributes": {}}, {"shape_attributes": {"name": "rect", "x": 376, "y": 293, "width": 54, "height": 47}, "region_attributes": {}}, {"shape_attributes": {"name": "rect", "x": 212, "y": 399, "width": 61, "height": 55}, "region_attributes": {}}, {"shape_attributes": {"name": "rect", "x": 161, "y": 475, "width": 46, "height": 44}, "region_attributes": {}}, {"shape_attributes": {"name": "rect", "x": 167, "y": 559, "width": 61, "height": 58}, "region_attributes": {}}], "file_attributes": {}}, "dandelion_20190417120018_2.jpg129706": {"filename": "dandelion_20190417120018_2.jpg", "size": 129706, "regions": [{"shape_attributes": {"name": "rect", "x": 230, "y": 81, "width": 54, "height": 46}, "region_attributes": {}}, {"shape_attributes": {"name": "rect", "x": 80, "y": 146, "width": 53, "height": 50}, "region_attributes": {}}, {"shape_attributes": {"name": "rect", "x": 57, "y": 289, "width": 56, "height": 50}, "region_attributes": {}}, {"shape_attributes": {"name": "rect", "x": 297, "y": 231, "width": 60, "height": 57}, "region_attributes": {}}, {"shape_attributes": {"name": "rect", "x": 542, "y": 340, "width": 61, "height": 56}, "region_attributes": {}}, {"shape_attributes": {"name": "rect", "x": 268, "y": 335, "width": 63, "height": 59}, "region_attributes": {}}, {"shape_attributes": {"name": "rect", "x": 370, "y": 593, "width": 70, "height": 46}, "region_attributes": {}}], "file_attributes": {}}, "dandelion_20190417120018_3.jpg127454": {"filename": "dandelion_20190417120018_3.jpg", "size": 127454, "regions": [{"shape_attributes": {"name": "rect", "x": 145, "y": 27, "width": 53, "height": 48}, "region_attributes": {}}, {"shape_attributes": {"name": "rect", "x": 414, "y": 77, "width": 55, "height": 55}, "region_attributes": {}}, {"shape_attributes": {"name": "rect", "x": 562, "y": 270, "width": 68, "height": 63}, "region_attributes": {}}, {"shape_attributes": {"name": "rect", "x": 416, "y": 386, "width": 34, "height": 41}, "region_attributes": {}}, {"shape_attributes": {"name": "rect", "x": 594, "y": 485, "width": 44, "height": 52}, "region_attributes": {}}, {"shape_attributes": {"name": "rect", "x": 182, "y": 344, "width": 46, "height": 35}, "region_attributes": {}}], "file_attributes": {}}}